MMSI,BaseDateTime,LAT,LON,SOG,COG,Heading,VesselName,IMO,CallSign,VesselType,Status,Length,Width,Draft,Cargo,TransceiverClass
538008852,2022-12-31T00:00:00,29.86518,-89.91413,12.5,242,255,KALINKA,IMO9367683,V7A2832,89,0,182,32,11.3,80,A
368086520,2022-12-31T00:00:00,29.41907,-89.33871,0,283,511,MASTER DYLAN,IMO0000000,WDK7657,56,,0,0,,,B
368113360,2022-12-31T00:00:01,34.02455,-90.94616,5.8,96.3,511,LEE W,IMO1297828,WDL2576,57,12,224,17,2.8,57,A
316033829,2022-12-31T00:00:00,49.29923,-123.02684,0.6,11.6,511,ADVENTURE BOUND,IMO0000000,,37,,13,4,,,B
538006227,2022-12-31T00:00:01,22.62485,-96.69877,16.4,81.7,80,GLOVIS COSMOS,IMO9707027,V7KV9,70,0,199,32,10,70,A
367056452,2022-12-31T00:00:02,47.66652,-122.39203,0,40.1,177,NORDIC STAR,IMO7719636,WDC6442,30,0,32,8,4,30,A
367399880,2022-12-31T00:00:02,35.25017,-93.16848,0,181.2,138,SCOTT STEGBAUER,,WDE7965,31,0,34,10,,31,A
338224354,2022-12-31T00:00:02,47.64483,-122.31184,0.1,360,511,WAYFINDER,IMO0000000,,37,,10,3,,,B
368199740,2022-12-31T00:00:04,29.29858,-94.84439,0,360,511,MARGARET K,IMO0691907,WDM3709,31,15,0,0,0,31,A
367571770,2022-12-31T00:00:05,27.3639,-97.38022,6.5,202.3,198,COLT CLARY,,WDG7880,31,12,23,,,57,A
367478770,2022-12-31T00:00:02,30.03634,-93.33074,1.3,347.6,358,HERCULES,IMO9627370,WDF6880,31,0,30,12,3.8,52,A
367167020,2022-12-31T00:00:01,35.0813,-90.1145,6.3,243.7,245,EUGENIE,IMO9091260,WDF2441,31,5,29,9,,57,A
368051270,2022-12-31T00:00:01,34.23233,-91.89026,3.2,290,297,JOHN T JANOUSH,,WDK4044,31,15,34,11,0,31,A
338098416,2022-12-31T00:00:00,25.89386,-80.09397,6.3,180.3,511,JOINT VENTURES,,,37,,12,7,,,B
367558150,2022-12-31T00:00:00,29.93948,-90.31978,0,154.1,243,UNCLE SAM,,WDG6543,31,12,21,,,57,A
369040000,2022-12-31T00:00:00,39.42199,-125.51314,12.3,342.8,338,AMERICAN ENDURANCE,IMO9759886,KAED,80,0,,,,80,A
368262180,2022-12-31T00:00:01,30.31948,-91.19492,4.4,99.2,102,TOM MCCOIN,IMO0003358,WDN2445,31,0,38,11,0,31,A
636014430,2022-12-31T00:00:02,33.68894,-118.14569,0.4,194.5,213,KEFALONIA,IMO9382188,A8TU4,80,1,102,17,6.6,80,A
367506840,2022-12-31T00:00:03,30.34432,-88.50728,0,360,511,SIGNET VALIANT,IMO8964551,WDF9598,31,15,24,9,,0,A
368222160,2022-12-31T00:00:04,37.03389,-89.18201,0,10.4,169,SALLY LAPEYRE,IMO1313275,WDM6099,57,0,227,22,2.9,57,A
367654520,2022-12-31T00:00:03,30.75088,-88.04755,0,360,180,NANCY SONIER,,WDH8086,31,0,23,,,57,A
367147860,2022-12-31T00:00:03,38.90505,-75.08576,7.6,333.4,336,CHOPTANK,IMO9417074,WDG4555,31,11,35,10,,31,A
367475340,2022-12-31T00:00:05,37.70577,-88.10956,0,237.1,103,AEP FUTURE,,WDF6543,31,12,47,14,,31,A
257481000,2022-12-31T00:00:06,31.85773,-80.49962,9.5,119.5,118,OSLO BULK 9,IMO9485825,LAIF8,70,0,108,18,5.9,70,A
338213975,2022-12-31T00:00:00,33.75135,-118.11034,0,360,511,HER WAY,,,37,15,12,4,1,37,A
368289320,2022-12-31T00:00:00,29.8527,-90.06291,0,349.2,342,BRANDON LIVINGSTON,IMO1325579,WDN5355,0,15,20,9,0,0,A
367342210,2022-12-31T00:00:02,40.18648,-80.67822,5.1,222.3,227,MARI LAMPTON,,WDE3648,31,12,32,9,,57,A
367609520,2022-12-31T00:00:01,29.12394,-90.21567,0,273.7,327,HARVEY CONDOR,IMO9582300,WJID,90,0,92,18,5.9,90,A
367458610,2022-12-31T00:00:02,30.70972,-88.03656,0,303,52,TEMPLE HUCKABEE,,WDF5034,31,12,37,10,,52,A
367558180,2022-12-31T00:00:00,40.66805,-74.00172,0,188.3,65,POTOMAC,IMO9475806,WDG6546,31,0,30,10,4,52,A
367401220,2022-12-31T00:00:00,33.97274,-118.44671,0,360,511,JUST DREAMIN,,WCZ2523,60,0,28,6,0,60,A
367583130,2022-12-31T00:00:01,29.75879,-95.11653,0,277.3,511,ROAN,IMO102000000,WDJ7728,57,12,22,9,3.1,57,A
366934000,2022-12-31T00:00:03,26.82889,-80.05918,0,237.6,100,BLACK SHADOW,,WDE5424,60,0,20,5,,90,A
366921420,2022-12-31T00:00:03,29.64493,-91.2966,4.4,250.7,511,HUGH S MONSTED,IMO8992132,WDB6286,31,12,25,9,,57,A
367781550,2022-12-31T00:00:05,29.75094,-95.09992,0,276.5,236,GARLAND GASPARD,,WDJ4830,31,12,,,,31,A
367364760,2022-12-31T00:00:05,27.81894,-97.45584,0,290.9,336,LEXIE M,IMO9420681,WDE5306,31,5,30,12,3.7,0,A
367724340,2022-12-31T00:00:06,18.46112,-66.09312,0,262.4,511,DOCTOR D,IMO8941597,WDI6998,31,12,21,7,,52,A
367002070,2022-12-31T00:00:06,27.80997,-97.33486,0.2,360,511,MISS EDMAY,,WDC3055,31,0,19,7,,31,A
366985050,2022-12-31T00:00:07,35.13088,-90.1289,0.8,114,119,VIKING QUEEN,,WDB9919,31,0,53,16,,52,A
367718490,2022-12-31T00:00:00,29.83326,-92.13344,0.2,219,88,ST BARTHOLOMEW,,WDI6417,31,12,,,,57,A
368061080,2022-12-31T00:00:00,29.2563,-89.36062,0,259,119,JUDITH ANN,IMO9852614,WDK5040,69,0,20,10,2.5,38,A
367489520,2022-12-31T00:00:07,29.78103,-95.10007,0,225,179,CALLIE DEVALL,,WDF7920,31,12,21,9,,31,A
367442380,2022-12-31T00:00:02,41.88929,-87.6248,0,38.8,511,LINNEA,,WDF3649,60,0,26,9,,60,A
367184660,2022-12-31T00:00:02,29.67194,-90.1093,0,260.6,511,MAGGIE LYNN,,WDD7306,31,0,15,6,,31,A
244810617,2022-12-31T00:00:03,39.03878,-73.39825,11.5,80,83,REGGEBORG,IMO9592575,PCYE,70,0,169,20,9.7,70,A
367748320,2022-12-31T00:00:05,37.20746,-88.89358,0.4,142,124,ENERGY,,WDI9406,31,0,34,9,,57,A
366961550,2022-12-31T00:00:06,29.93474,-89.98828,0,41.5,303,PETER J,,WDJ2317,31,0,17,7,,57,A
367611520,2022-12-31T00:00:01,46.20074,-123.75772,0,115.5,511,WASHINGTON,IMO9730646,WDI5795,31,0,36,10,,31,A
368130550,2022-12-31T00:00:03,29.61679,-89.8899,0,276.3,511,TAYLOR,,WDL4350,31,0,20,8,3,31,A
368118280,2022-12-31T00:00:03,26.70436,-80.04531,0,281.3,359,LIBERTY,,,37,0,28,7,2,37,A
367661220,2022-12-31T00:00:05,40.50352,-80.11078,0,257.1,111,VULCAN,,WDH8763,31,0,31,8,,57,A
367198880,2022-12-31T00:00:05,29.93989,-90.35483,1.7,81.6,511,DIXIE LEE EYMARD,,WDD8420,31,5,18,7,,31,A
367510870,2022-12-31T00:00:07,29.8834,-93.91947,9.4,218.5,511,SABINE,IMO9397391,WDF9981,31,0,29,10,3.7,52,A
311001006,2022-12-31T00:00:02,25.73644,-83.89994,16.8,200.9,200,DOLE AZTEC,IMO9877731,C6EU7,70,0,195,32,8.8,70,A
367140970,2022-12-31T00:00:03,29.80389,-93.34516,0,10.2,273,CAMERON NO II,,WDD4160,60,0,62,15,,69,A
368311000,2022-12-31T00:00:03,37.79051,-122.28811,0,13.8,511,MISS TAMMY,,WDG2944,60,0,27,6,,69,A
636017060,2022-12-31T00:00:05,25.77024,-79.49235,12,186.6,186,GOLDWAY,IMO9742900,D5JC6,80,0,274,,,80,A
367078850,2022-12-31T00:00:00,40.70122,-74.00019,5.4,35.1,41,ROBERT BURTON,IMO8644369,WDC7911,31,0,20,6,,52,A
316013980,2022-12-31T00:00:00,47.05606,-85.44794,12.6,300.7,299,RADCLIFFE R LATIMER,IMO7711725,VCPK,70,0,226,23,10.2,70,A
366943460,2022-12-31T00:00:03,36.93182,-76.33359,0,328.7,511,CONDOR,IMO9103300,WCT9890,31,0,33,12,4.4,52,A
316018031,2022-12-31T00:00:07,46.4595,-84.28017,3.3,334.3,332,ALGOMA GUARDIAN,IMO8505850,CFK9698,70,0,222,23,9.7,79,A
367479930,2022-12-31T00:00:00,29.72612,-95.25545,6.5,114.6,118,MR BENNETT,,WDF6985,31,12,18,7,,57,A
372089000,2022-12-31T00:00:05,27.45785,-80.32477,0,360,260,JK TAI SHAN,IMO8513560,3FSN3,70,0,190,32,8.9,79,A
316023608,2022-12-31T00:00:05,49.15433,-122.95023,0,288,511,KOOTENAY,,,31,15,19,9,4.1,52,A
368926038,2022-12-31T00:00:07,39.94091,-90.53361,102.3,360,107,CHANNAHON,,AEOG,52,15,,,,52,A
371083000,2022-12-31T00:00:07,27.76555,-80.03593,16.5,140,140,CARNIVAL LIBERTY,IMO9278181,HPYE,60,0,290,35,8.3,60,A
367445000,2022-12-31T00:00:01,30.02753,-88.20975,8.2,52.6,56,PATI R MORAN,IMO9398553,WDD9499,31,12,37,11,4.6,57,A
257595000,2022-12-31T00:00:01,28.89408,-95.24203,5.2,305.6,315,BOW EXPLORER,IMO9828211,LAXN4,82,0,183,33,7.1,82,A
368021550,2022-12-31T00:00:04,29.92662,-90.07328,0,302.4,511,CINDY L ERICKSON,,WDJ8968,57,12,475,44,3.6,52,A
367553370,2022-12-31T00:00:03,41.58825,-71.40835,0,357.4,511,PATRICK MCALLISTER,IMO8972584,WDG6086,31,15,32,9,4,31,A
367702480,2022-12-31T00:00:03,30.5179,-91.21568,0.3,250.3,243,SAFETY PRIDE,,WDI4832,31,0,21,8,,57,A
367314490,2022-12-31T00:00:02,40.65953,-74.02028,8.6,223.8,231,SCHUYLKILL,,WDD9655,31,5,21,8,,52,A
538010062,2022-12-31T00:00:02,28.72959,-93.19933,12.5,178.6,176,HELLAS TATIANA,IMO979471900,V7A5541,80,0,183,32,11.1,80,A
367087240,2022-12-31T00:00:02,41.09033,-73.16454,14.8,165.3,511,PARK CITY,IMO8700709,WTX9790,60,0,87,14,,60,A
367161620,2022-12-31T00:00:05,43.2343,-86.26016,0,16.1,511,W G JACKSON,,WCX2963,60,0,19,6,,99,A
367092190,2022-12-31T00:00:06,37.00656,-88.25131,0,13.2,317,JOHN F SECREST,,WDC8727,31,0,41,11,,57,A
366952790,2022-12-31T00:00:00,40.64513,-74.0695,6.6,230,61,GUY V MOLINARI,IMO9333486,WDB8295,60,0,94,21,4.2,60,A
367315540,2022-12-31T00:00:03,25.76439,-80.14561,0.2,87.4,511,FLAMINGO,,FLAMING,69,0,30,16,0,69,A
368033540,2022-12-31T00:00:05,36.99892,-89.16022,0,184.5,511,SAM P HISE,,WDK2226,31,15,21,8,0,31,A
366970790,2022-12-31T00:00:06,37.94456,-87.42485,0,87.7,511,SCARLET GEM,,WDB9162,31,0,19,7,,31,A
366958650,2022-12-31T00:00:08,29.91214,-90.10444,0.1,186.2,511,LOUISIANA,IMO8423947,WDB8437,31,0,32,7,,52,A
367797460,2022-12-31T00:00:00,40.60941,-80.63617,0,285.3,34,ROGER W KEENEY,,WDJ6408,31,12,36,10,,57,A
538010283,2022-12-31T00:00:00,23.53018,-82.27053,15.3,78.1,77,ATLANTIC ACTION II,IMO9509633,V7A5843,70,0,180,28,6.8,70,A
366811570,2022-12-31T00:00:02,30.73636,-88.04289,2.4,227.4,307,NATALIE H,IMO7200245,WDA4637,31,12,18,7,,57,A
367061610,2022-12-31T00:00:08,40.60541,-74.04277,5,337.7,339,BARNEY TURECAMO,IMO9132105,WDC6808,31,12,36,10,4.3,57,A
316005713,2022-12-31T00:00:01,49.19997,-122.91064,0.1,170.9,511,PACIFIC FORCE,,,52,0,14,7,2.6,52,A
367498910,2022-12-31T00:00:02,29.78827,-92.21333,3,111.5,511,DELTA RULER,IMO8037164,WDF8818,31,5,20,7,,52,A
367672370,2022-12-31T00:00:05,29.91769,-90.06921,0,225.4,241,BILL GARVEY,,WDH9868,31,12,25,9,,57,A
376404000,2022-12-31T00:00:04,21.31647,-157.87673,0,0,210,NAUTILUS,IMO6711883,J8B3605,90,5,64,10,5,20,A
367477980,2022-12-31T00:00:06,36.77714,-76.3067,0,185.7,106,OYSTER CREEK,IMO9569451,WDF6802,31,0,29,9,3.6,52,A
367707210,2022-12-31T00:00:05,38.40041,-82.53467,0,295.5,70,ANDREW ANTRAINER,,WDI5303,31,12,36,,,0,A
367638010,2022-12-31T00:00:07,35.41595,-90.03887,7.6,70,69,KAY A ECKSTEIN,,WDH6442,31,12,51,14,,57,A
368219010,2022-12-31T00:00:08,39.27412,-76.59915,0,180.7,205,VENGEANCE,,WDM5765,57,0,23,7,2.9,57,A
316001262,2022-12-31T00:00:02,49.42012,-123.40595,19.4,83.8,85,QUEEN OF SURREY,IMO7902221,VG8177,60,0,139,27,5.5,60,A
368016950,2022-12-31T00:00:00,29.52359,-94.9778,0.1,360,511,BABY T,,WDJ8490,52,0,5,5,1.5,52,A
367604920,2022-12-31T00:00:02,29.95104,-90.38592,0,48.8,126,KAREN ANN,,WDH3163,31,0,27,,,57,A
367306390,2022-12-31T00:00:00,41.13382,-69.27841,2.2,289.2,511,MASTER JAMES,IMO8984317,WDD9071,30,15,25,7,,30,A
366961490,2022-12-31T00:00:03,31.15903,-91.59861,5.1,33.8,28,O H INGRAM,,WDB8610,31,0,56,16,,57,A
367059890,2022-12-31T00:00:06,29.31181,-94.80462,0,240.3,511,JUDY ANN,,WYR6559,31,0,19,7,,31,A
367428620,2022-12-31T00:00:08,29.44682,-92.09112,7.5,87.9,511,DIP,,WDF2482,90,15,25,7,,70,A
368070570,2022-12-31T00:00:02,37.18655,-88.38122,0,242.3,511,CONSTITUTION,,WDK6031,31,0,14,11,2.5,57,A
367650610,2022-12-31T00:00:03,48.5125,-122.60645,0,4.4,511,AVENTURA,,WDH7686,37,,11,,,,B
367174060,2022-12-31T00:00:04,41.63322,-70.9069,0,5.6,263,EAGLE,IMO8705864,WCX5125,60,0,71,18,,69,A
368257130,2022-12-31T00:00:00,46.00985,-122.84834,0.1,203.2,511,,,,0,0,0,0,2.1,50,A
366985310,2022-12-31T00:00:05,37.85608,-122.47772,0.1,255.3,276,BAY MONARCH,,WCZ9381,60,0,38,10,,60,A
357444000,2022-12-31T00:00:00,24.32043,-80.42938,15.1,58.9,64,MSC MEDITERRANEAN,IMO9102710,H8JI,70,0,202,30,11.9,71,A
305546000,2022-12-31T00:00:06,29.73488,-95.13368,7.7,275.2,274,BBC NAPLES,IMO9484223,V2ET5,70,0,132,15,7.8,79,A
367189030,2022-12-31T00:00:01,30.52024,-88.08407,0.2,360,170,MISSOURI H,,WRS7131,33,3,54,0,,33,A
366974320,2022-12-31T00:00:08,41.25719,-72.03095,0,156,46,MUNNATAWKET,,WQZ6100,60,0,35,8,,60,A
248359000,2022-12-31T00:00:04,32.6804,-78.88093,11.9,62.4,63,ALSIA SWAN,IMO9400356,9HA2334,80,0,105,16,6.3,80,A
303304000,2022-12-31T00:00:00,47.93999,-122.56007,4.4,131.6,135,OCEAN MARINER,IMO8516433,WCF3990,31,11,25,8,,31,A
367199750,2022-12-31T00:00:04,38.25929,-85.75565,0,34.4,511,BELLE OF LOUISVILLE,,WF6270,60,15,52,14,,6,A
367702080,2022-12-31T00:00:01,41.39805,-88.28025,0,85.6,263,CODY BOYD,,WDI4796,31,12,30,7,,57,A
367442770,2022-12-31T00:00:09,38.46363,-82.60583,0,360,511,GARRY LACEY,,WDF3677,31,0,21,8,,31,A
538007227,2022-12-31T00:00:03,29.91255,-90.12255,0,248.4,283,GH URBAN SEA,IMO9735799,V7ZT3,70,5,,,,70,A
368071270,2022-12-31T00:00:01,30.26915,-91.13228,5.3,300.3,298,USS LAFAYETTE,IMO8479837,WDK6108,31,0,20,10,3.4,31,A
368187930,2022-12-31T00:00:02,29.92884,-93.01452,0,145.1,100,ADRIENNE M MOORE,IMO101307049,WDM2420,57,0,207,23,0,90,A
311000953,2022-12-31T00:00:07,29.89693,-88.52259,3.3,260.4,206,CARINA VOYAGER,IMO9897834,C6EO4,80,0,250,44,8.7,80,A
367323150,2022-12-31T00:00:05,29.57737,-94.26726,0.1,252.3,511,E W ELLEFSEN,,WDE2299,90,3,62,18,,33,A
538070561,2022-12-31T00:00:06,26.90851,-80.08325,0,277.4,304,TO-KALON,,V7QB3,37,0,33,14,,37,A
367003620,2022-12-31T00:00:05,30.2716,-91.13999,0,91.1,511,CSS TENNESSEE,,WDC3184,31,15,17,7,,12,A
367061980,2022-12-31T00:00:00,40.64081,-74.12984,0.4,78.7,237,KIMBERLY TURECAMO,IMO7914573,WDC6838,31,0,30,9,,52,A
368115890,2022-12-31T00:00:06,29.93518,-91.83435,1.9,243.2,511,SOUTHERN BELLE,,WDL2838,99,0,23,8,0,99,A
366748250,2022-12-31T00:00:01,29.66738,-91.09834,0,252.2,511,HELEN,,WCY3321,31,0,19,6,,52,A
367504960,2022-12-31T00:00:06,29.39974,-94.7533,0,123.2,44,NATCHEZ EXPRESS,,WDF9419,31,12,26,9,,57,A
367455780,2022-12-31T00:00:03,29.12582,-89.6204,13.7,26.2,511,ZACHARY TAYLOR,IMO8982589,WDF4780,60,13,35,7,,60,A
367104050,2022-12-31T00:00:07,34.38942,-120.1164,0.1,22.3,511,RYAN T,IMO8982591,WDC9570,60,15,30,7,,60,A
367706810,2022-12-31T00:00:04,36.95346,-89.09808,7.6,192.6,196,HARVEST MAIDEN,,WDI5263,31,0,,,,31,A
368066010,2022-12-31T00:00:00,26.2972,-97.53154,6.2,76.8,73,COLEMAN,IMO8436131,WDK5557,57,12,207,18,3.1,57,A
366932120,2022-12-31T00:00:04,29.50117,-94.86718,0,63.3,132,TAKU WIND,IMO7029536,WDI9036,31,0,36,9,3.9,0,A
368092580,2022-12-31T00:00:00,40.69336,-74.01492,0,51.1,511,GOVERNORS1,,,60,0,39,12,2,60,A
368099320,2022-12-31T00:00:05,29.40775,-94.82334,8,156.4,511,CYNTHIA K,IMO1294530,WDK8982,57,12,117,34,2.8,57,A
368063930,2022-12-31T00:00:00,40.77768,-73.94218,1.1,210.5,212,RAINBOW CRUISE,IMO1288464,WDK5339,60,0,29,10,0,60,A
367121010,2022-12-31T00:00:06,46.45547,-84.49787,9.4,253.2,254,AMERICAN CENTURY,IMO7923196,WDD2876,70,0,304,32,10.4,0,A
367135070,2022-12-31T00:00:01,29.76355,-91.25792,6,280.4,511,CARRIE MAE,,WDD3706,31,15,16,7,,31,A
367663150,2022-12-31T00:00:02,29.94074,-91.8424,0,115.6,183,HOUSTON,IMO8765979,WDH8950,90,0,39,23,,90,A
368504000,2022-12-31T00:00:02,36.80812,-76.28697,0,84.9,61,CAPTAIN DANN,IMO7367251,WBH6425,31,12,29,8,3.6,57,A
338319157,2022-12-31T00:00:02,31.04516,-81.42281,0,360,511,I'M GONE,IMO0000000,,36,,14,8,,,B
538008166,2022-12-31T00:00:04,28.97912,-94.11051,12.9,124.4,125,SEA EAGLE,IMO9849045,V7A2034,80,0,183,32,8.2,80,A
367777470,2022-12-31T00:00:04,47.66692,-122.39366,0,310.3,178,NUNANIQ,,WDJ4412,70,0,42,14,,99,A
316039266,2022-12-31T00:00:07,48.56819,-123.47486,5,211.1,511,PHASE III,IMO0000000,,37,,10,4,,,B
368261750,2022-12-31T00:00:08,29.9337,-90.34532,13.3,99.6,97,LYNNE M. ROSE,IMO9753179,WDM6380,57,0,220,28,7.2,52,A
367647270,2022-12-31T00:00:00,33.73503,-118.27063,0,266.8,511,JOHN HENRY,IMO8978174,WDH7347,60,0,29,7,,39,A
368259490,2022-12-31T00:00:00,40.58391,-80.23615,0,360,163,LUCKY D,,,99,0,0,0,0.1,99,A
366878290,2022-12-31T00:00:00,36.85924,-76.3451,0,199.2,511,RAM XV,IMO8767305,WDB2653,90,15,33,19,2.1,95,A
316022149,2022-12-31T00:00:04,49.29754,-123.0291,0,308.2,177,NORTHERN ALLIANCE,IMO8714437,CFN6077,30,7,39,9,4.1,30,A
368274280,2022-12-31T00:00:09,29.49177,-94.86622,6.5,150.4,511,AL CENAC,,WDN3711,0,0,26,11,2.8,31,A
368230260,2022-12-31T00:00:00,47.23184,-122.84654,7.1,346.5,511,,IMO0000000,WDM7026,37,,10,3,,,B
367186380,2022-12-31T00:00:01,41.58904,-71.4099,0,262.2,511,RELIANCE,IMO7367407,WDD7436,31,0,29,8,3.7,52,A
368056310,2022-12-31T00:00:02,30.02029,-94.02591,0,360,118,JERRY PORCHE,IMO1276029,WDK4543,31,0,24,10,3,31,A
368178590,2022-12-31T00:00:04,29.92382,-89.93614,1.5,303.8,511,DAUPHINE,,WDL9067,50,0,0,0,0,50,A
367626460,2022-12-31T00:00:06,29.61703,-89.89051,0.6,325.8,511,TEXAS,IMO8851338,WDH5292,31,0,19,7,,31,A
367307120,2022-12-31T00:00:03,38.5437,-90.2468,0.1,305.5,28,THERESA ANN,,WDD9115,31,12,17,6,,52,A
338311884,2022-12-31T00:00:03,33.61692,-117.92465,0,360,511,WILDSIDE,IMO0000000,,37,,11,4,,,B
367745820,2022-12-31T00:00:08,32.08204,-81.0637,0,109.4,267,COOPER MORAN,IMO9812547,WDI9156,31,0,28,,,52,A
316014750,2022-12-31T00:00:01,49.29755,-123.02924,0,282.3,179,VIKING ALLIANCE,IMO9137454,VAS2018,30,0,41,11,6,30,A
209513000,2022-12-31T00:00:02,25.99857,-79.82256,29.8,287.1,511,OCEAN PEARL,IMO9060247,C4BQ2,70,0,169,27,9.8,49,A
366755010,2022-12-31T00:00:04,33.74023,-118.27788,0,121.7,22,MASTER,IMO9188532,WCY6528,31,0,32,10,6.8,31,A
316001268,2022-12-31T00:00:05,48.82263,-123.34506,20.4,179.6,180,SPIRIT OF B C,IMO9015668,VOSM,60,0,167,32,5,60,A
366772990,2022-12-31T00:00:07,47.81429,-122.38813,9.3,293.9,291,WSF KALEETAN,IMO8835346,WY2512,60,0,116,22,5.6,60,A
369990251,2022-12-31T00:00:01,40.81333,-73.76513,0,27.7,511,CG29251,,,90,0,8,,,51,A
366264360,2022-12-31T00:00:00,47.65888,-122.38123,0,316.4,175,WESTERN DAWN,IMO7515925,WDJ5630,30,7,24,7,,30,A
367303910,2022-12-31T00:00:01,40.70292,-74.03278,9.5,203.7,511,MANHATTAN,,WDD8872,60,0,23,4,,99,A
368072130,2022-12-31T00:00:05,26.09398,-80.17427,102.3,360,511,JOURNEY ON,,WKD6191,37,11,0,0,2,37,A
368005880,2022-12-31T00:00:05,29.95555,-90.29665,0,179.5,511,LOUISIANA STRONG,,WDJ7352,31,0,,,,31,A
367573610,2022-12-31T00:00:05,27.82346,-97.4899,0,259.5,215,JOHN M WIKE,,WDG8060,31,12,24,,,52,A
671969100,2022-12-31T00:00:06,18.42593,-64.60988,0.1,233.3,511,ADMIRAL PRIDE,IMO918452400,5VFH5,70,0,60,14,4,70,A
367765240,2022-12-31T00:00:07,37.7771,-122.29914,0,91.3,92,HYDRUS,,WDJ3145,60,0,,,,60,A
367102610,2022-12-31T00:00:01,30.75357,-88.0337,0,221.9,20,ALICE PARKER,IMO8850944,WCY2903,31,12,32,10,,57,A
367004120,2022-12-31T00:00:03,30.04319,-90.63898,4.5,312,511,ANGELA RAE,,WCP6283,31,15,16,7,,21,A
255806155,2022-12-31T00:00:05,37.76194,-73.38503,12.4,120.6,117,NORDROSE,IMO9521435,CQAE9,80,0,229,42,8.2,80,A
366979270,2022-12-31T00:00:02,36.20343,-86.69637,0,300.9,332,GENERAL JACKSON,,WDH7827,60,0,74,18,,69,A
367649740,2022-12-31T00:00:01,42.28095,-83.12721,0,35.6,511,NORTH DAKOTA,,WDH7600,31,0,26,6,3,31,A
636013946,2022-12-31T00:00:04,23.73207,-81.52917,11.1,256,258,SANKO INDEPENDENCE,IMO9369760,A8QJ9,80,0,174,28,10.4,84,A
563035900,2022-12-31T00:00:04,28.36938,-94.78965,0.4,240.1,149,EAGLE VENICE,IMO9728710,9V5636,80,0,333,60,13.7,80,A
367095040,2022-12-31T00:00:04,33.72228,-118.18441,8.8,10.3,511,ENTERPRISE,,WYB2848,60,5,23,7,,99,A
368055190,2022-12-31T00:00:02,29.75771,-95.09762,2.8,297.2,309,BRADY DAWSON,IMO1289289,WDK4438,52,12,27,11,3,52,A
368010960,2022-12-31T00:00:03,37.04928,-89.17472,0,303.4,511,SHAWNEE FOREST,,WDJ7878,52,15,23,11,0,52,A
538009351,2022-12-31T00:00:01,48.44357,-124.48932,12.1,292.1,295,SSI RESOLUTE,IMO9918755,V7A4629,70,0,199,32,13.2,70,A
367396520,2022-12-31T00:00:06,32.83579,-79.92832,0,237.7,511,CROSBY RAM,IMO9558115,WDH3316,31,0,28,9,3.6,0,A
366997710,2022-12-31T00:00:00,29.97019,-90.24445,0,258.7,511,EMILY P SETTOON,,WDD4736,31,0,16,7,,90,A
366967480,2022-12-31T00:00:01,41.31609,-89.14691,0,360,511,ROY E CLAVERIE,,WDB8985,31,12,41,14,,57,A
367791550,2022-12-31T00:00:01,40.72361,-74.02003,22.9,353.3,356,FLYER,,WDJ5814,60,0,24,,,60,A
366990450,2022-12-31T00:00:01,47.27455,-122.81877,5.3,213.5,511,CHARLIE WELLS,,WAH4742,60,0,19,10,,99,A
367431640,2022-12-31T00:00:01,29.70568,-91.22288,0,320,511,SEA BULL,,WDF2765,31,0,18,7,,52,A
367006540,2022-12-31T00:00:02,40.61919,-74.20316,10.5,6.8,8,RHEA I BOUCHARD,IMO8117964,WRQ4509,31,0,34,10,4.5,57,A
368075150,2022-12-31T00:00:03,29.996,-93.91899,0,280.5,357,COCHRAN,,WDK6501,57,0,206,18,3.1,52,A
367715380,2022-12-31T00:00:04,31.26777,-91.63684,5.6,85.1,89,LOREE ECKSTEIN,,WDI6112,31,12,,,,57,A
367031680,2022-12-31T00:00:05,31.00866,-88.01848,0,228.3,511,TOUCHSTONE ENERGY,,WDC4848,31,15,20,8,0,31,A
367360260,2022-12-31T00:00:05,41.89104,-87.60585,0,32,511,ODYSSEY II,,WBU4276,60,5,49,12,,59,A
367653630,2022-12-31T00:00:07,46.15341,-123.37718,0,10.7,511,OSCAR B,,WDH7993,60,0,33,,,99,A
316002742,2022-12-31T00:00:00,48.87513,-123.64214,0,286.6,102,SKEENA COAST,IMO5249871,CY6396,31,0,28,7,3.8,31,A
366984310,2022-12-31T00:00:01,30.01946,-90.71107,9.1,56,46,CRIMSON DUKE,,WDB9874,31,12,59,16,,57,A
367079560,2022-12-31T00:00:03,29.39671,-89.0104,5.3,86.3,511,MS DEE,IMO8973497,WDC7960,60,0,35,7,,60,A
367522180,2022-12-31T00:00:05,39.69431,-80.85796,6,51,57,OZZIE,,WDG3071,31,12,48,12,,57,A
367570750,2022-12-31T00:00:04,30.15931,-90.99775,0,360,511,MONICA MEANS,,WDG7778,31,0,26,9,,31,A
367379910,2022-12-31T00:00:02,29.85163,-90.02204,0,278.3,511,DELTA LADY,,WDE6408,31,0,15,6,,31,A
366943760,2022-12-31T00:00:07,29.54723,-90.68835,0,287.5,511,SEA MULE,,WDB7537,31,15,15,6,,52,A
368139720,2022-12-31T00:00:01,30.18371,-93.30996,0,290.4,238,SIGNET VOLUNTEER,IMO1001301448,WDL5289,52,12,99,14,3.7,57,A
367301010,2022-12-31T00:00:02,30.01932,-93.98021,0,293.8,198,NATHAN GOLDING,,WDD8656,31,12,22,10,,57,A
367093960,2022-12-31T00:00:03,29.10899,-89.96993,0.3,314.4,511,MISS JESSICA FAYE,IMO8977728,WDC8845,60,0,34,7,,39,A
316005605,2022-12-31T00:00:03,49.23143,-122.77042,0.1,347.1,511,BALLANTYNE STRAITS,IMO7391977,CZ5836,31,0,22,7,4,52,A
368045260,2022-12-31T00:00:04,29.89972,-90.08074,0.1,276.9,511,SARAH PAIGE,,WDK3438,52,15,21,9,0,52,A
367657110,2022-12-31T00:00:04,29.11889,-90.19679,0,114.6,340,PECAN ISLAND,IMO9730323,WDH8352,90,5,95,20,6.8,70,A
366896390,2022-12-31T00:00:04,36.97325,-76.10139,0,301.3,511,G L 55,,WDB4250,90,3,48,18,,33,A
338224000,2022-12-31T00:00:04,47.60111,-122.33897,0,10.5,59,DOC MAYNARD,IMO8793316,WDI3125,60,0,30,,,60,A
338145224,2022-12-31T00:00:05,26.7661,-80.04324,2.7,135.3,511,REALITY,,,37,,13,,,,B
367358240,2022-12-31T00:00:06,39.85287,-75.2416,0.4,324.4,511,WEEKS 551,,WBX3592,90,15,47,18,,33,A
367707930,2022-12-31T00:00:07,40.64706,-74.11486,10.3,52.9,53,JONATHAN C MORAN,IMO9799288,WDI5374,31,0,27,,,52,A
368192230,2022-12-31T00:00:00,31.00578,-91.71739,0,351.6,511,NEIL MARTIN,,WDM2889,57,0,24,10,3,57,A
311000240,2022-12-31T00:00:00,28.61504,-87.91921,0.2,85.9,359,Q5000,IMO8772104,C6BES,90,0,97,70,,0,A
308865000,2022-12-31T00:00:01,25.79073,-79.95486,11.1,66.4,80,NORWEGIAN SKY,IMO9128532,C6PZ8,60,0,258,36,8,60,A
316047351,2022-12-31T00:00:02,49.27371,-123.13927,0,85.2,359,OCEAN LEE,,,30,15,13,4,0,30,A
538004124,2022-12-31T00:00:07,39.27585,-76.59432,0,58.8,61,JUST FITZ III,IMO9545508,V7VH8,70,5,180,30,9.8,70,A
636013689,2022-12-31T00:00:00,36.63726,-75.34608,8.7,108.3,109,YM UBERTY,IMO9337444,A8OR4,70,0,333,42,14.5,71,A
367685610,2022-12-31T00:00:01,38.98837,-81.93733,0,360,511,MR KING,,WDI3163,31,0,15,,,31,A
367657930,2022-12-31T00:00:01,32.08597,-81.09437,0,268.8,511,JOHN PARRISH,,WDH8435,31,11,28,7,,52,A
563140800,2022-12-31T00:00:01,25.71571,-79.49866,12.3,186.8,187,KIATING,IMO9893802,9V6639,70,0,180,30,7.6,70,A
367511230,2022-12-31T00:00:04,39.27848,-74.52972,2.9,219.8,511,SAGINAW RIVER,,WDG2013,90,0,16,,,33,A
367768070,2022-12-31T00:00:04,30.14411,-91.00012,7.3,198.8,511,ROGER D,,WDJ3448,31,0,21,9,,52,A
367693670,2022-12-31T00:00:04,30.07324,-93.7217,0,271.6,511,FINLI RYANNE,,WDI3954,31,0,19,,,10,A
367594190,2022-12-31T00:00:00,27.84588,-82.44489,7.3,1.7,5,TANGIER ISLAND,IMO9665504,WDH2080,31,5,28,9,,57,A
366917140,2022-12-31T00:00:01,35.35456,-94.23569,6.7,110.1,110,LAURA ELIZABETH,,WV9611,31,0,34,10,,32,A
367605770,2022-12-31T00:00:04,29.53976,-89.90842,0,288.6,511,JC DEVILLE,,WDH3247,90,3,48,,,33,A
636092887,2022-12-31T00:00:03,40.54666,-70.05067,14.6,266.5,269,PARIS II,IMO9222273,D5SI7,79,0,300,40,11.3,71,A
368039060,2022-12-31T00:00:03,29.80682,-93.99936,5.2,34.5,38,DANIELLE CHRISTINA,IMO1278453,WDK2800,57,12,24,22,3.1,57,A
368103880,2022-12-31T00:00:09,29.34903,-90.24683,0,273.1,172,N.STAR INDEPENDENCE,IMO1222117,WDK9453,60,0,60,13,3,69,A
367505870,2022-12-31T00:00:02,30.03927,-90.60212,0,313.3,237,ORANGE,,WDF9509,31,0,23,10,,57,A
538009055,2022-12-31T00:00:02,28.66838,-94.46612,0,13.7,104,SEAGUARDIAN,IMO9891919,V7A4249,89,2,237,44,13.6,89,A
215183000,2022-12-31T00:00:06,35.47967,-121.74635,2.9,326,297,CMA CGM NEW JERSEY,IMO9351141,9HA4998,71,0,294,32,10.2,79,A
255805803,2022-12-31T00:00:00,34.14812,-77.95343,12.6,155.4,155,MINNA,IMO9246712,CQAA,70,0,220,32,12.2,79,A
339318000,2022-12-31T00:00:02,26.09743,-80.16995,0,183.4,179,TRISARA,,6YRR4,37,5,33,6,,37,A
367387930,2022-12-31T00:00:04,29.55913,-92.89935,3.3,194,511,ODYSSEA DEFENDER,IMO9535072,WDE7022,90,5,58,12,4.7,79,A
367719610,2022-12-31T00:00:05,29.73814,-95.12238,0.2,346.4,246,ZYANA K,IMO9794185,WDI6527,31,0,24,,,52,A
367717120,2022-12-31T00:00:07,27.92856,-82.42752,0,58.9,511,MASTER DAULTON,IMO8851675,WDI6286,30,15,20,6,,0,A
368228180,2022-12-31T00:00:08,41.72479,-87.53993,0,120.3,511,ILLINOIS,IMO1316833,WDM6775,52,0,20,7,3.8,52,A
246547000,2022-12-31T00:00:02,27.07696,-79.32715,9.9,191.4,187,ONEGO DUERO,IMO9580780,PEHW,70,0,132,15,7.7,70,A
367601060,2022-12-31T00:00:02,31.27584,-91.5197,9.6,206.3,212,CAPT H R KIRTLEY,,WDH2772,31,12,36,,,57,A
367452650,2022-12-31T00:00:02,29.17877,-89.25855,0.1,274.5,245,PORTPILOT,,WDF4502,90,0,15,4,,50,A
367567990,2022-12-31T00:00:07,40.62625,-73.29206,0,109.7,119,KENDALL J HEBERT,IMO8975794,WDG7507,31,0,23,9,,57,A
229631000,2022-12-31T00:00:07,27.82193,-97.43342,0,155.5,119,CIELO DI NEW YORK,IMO9669665,9HA3466,80,5,183,32,7,80,A
367709350,2022-12-31T00:00:08,26.28208,-97.56175,2.5,320.4,511,ISLA MARGARET,IMO7200013,WDI5513,31,12,19,7,,57,A
367596940,2022-12-31T00:00:00,40.66525,-74.01595,0,231,188,CAPT WILLIE LANDERS,,WDH2376,31,0,22,8,,31,A
303233000,2022-12-31T00:00:00,47.65579,-122.36559,0,50.2,134,ALASKA MARINER,IMO8513687,WSM5364,31,11,33,9,,32,A
316001255,2022-12-31T00:00:01,49.00684,-123.13346,0,75.7,51,QUEEN OF NEW WESTMIN,IMO6413663,VDQQ,60,0,129,23,3.6,60,A
367676470,2022-12-31T00:00:01,29.40022,-89.78364,0.5,276.5,511,CAPTAIN BOUDREAUX,,WDI2272,31,0,22,8,,90,A
367327440,2022-12-31T00:00:03,46.60759,-117.36915,6.2,308.2,511,KATHRYN B,,WDE2619,31,0,30,6,,31,A
368011000,2022-12-31T00:00:03,47.98042,-122.23022,0,360,511,USS KIDD,,NKID,90,0,,,,0,A
367544960,2022-12-31T00:00:04,40.54073,-74.25347,0,291.9,11,THUNDER,,WDG5276,31,12,22,,,57,A
367494020,2022-12-31T00:00:06,48.52082,-122.61737,0,295.1,252,VIKING,IMO7309780,WDF8358,30,0,27,6,,30,A
367724130,2022-12-31T00:00:07,35.03627,-85.53796,0,360,511,R H BAKER,,WDI6976,31,15,22,,,31,A
338263000,2022-12-31T00:00:08,28.77617,-90.08418,8.2,269,272,HARVEY SUB-SEA,IMO9704685,WHSE,90,0,99,,,9,A
367428170,2022-12-31T00:00:00,30.42207,-91.1959,0,277.2,511,CAJUN HUSTLER,,WDF2447,31,0,17,6,,31,A
367500810,2022-12-31T00:00:01,29.1589,-89.24833,0,334.8,142,CAPT FRANK,,WDF9003,90,12,56,14,,33,A
369970629,2022-12-31T00:00:03,41.57528,-90.40443,0,292.1,511,MUSCATINE,,AEML,31,0,,,,31,A
367183360,2022-12-31T00:00:03,47.57386,-122.34542,0.1,284.2,182,OLYMPIC SCOUT,,WDD7216,31,0,27,8,,31,A
366995450,2022-12-31T00:00:00,30.37471,-91.23665,3.9,219,271,DELOS CASE,,WDC2600,31,0,19,7,,52,A
368274430,2022-12-31T00:00:01,37.11508,-89.11319,9,225.6,233,DAVID WORK,,WDN3726,97,0,20,7,0,31,A
338228728,2022-12-31T00:00:01,43.60396,-70.18862,8.2,326.9,511,BETTE LOU,,,30,,14,,,,B
367796050,2022-12-31T00:00:01,40.68535,-74.07522,0.2,46.4,242,SEA LION,,WDJ6266,31,0,19,6,,31,A
303350200,2022-12-31T00:00:02,48.7799,-125.96836,3.2,123.7,137,LAUREN FOSS,IMO8218938,WDG8426,31,3,45,12,5.3,31,A
366933680,2022-12-31T00:00:03,29.76188,-95.07534,5,296.4,295,CHARLES W CLARK,IMO8635514,WCP7548,31,5,19,7,,57,A
366942880,2022-12-31T00:00:04,28.89088,-95.27038,4.7,322.3,342,NEWPORT,IMO8308616,WRC2930,90,3,80,16,5.1,33,A
369355000,2022-12-31T00:00:04,21.82026,-156.4748,18.8,62.1,60,GEORGE III,IMO9837092,WDK4356,0,0,236,36,9.7,0,A
368149820,2022-12-31T00:00:06,30.49126,-86.13968,0,210,141,RUSTY MOORE,,WDL6345,57,12,121,34,2.8,57,A
368269380,2022-12-31T00:00:00,39.52959,-75.81165,0,0,511,CARLA,,WDN3199,60,0,20,2,2,60,A
367596760,2022-12-31T00:00:00,40.65033,-74.08943,4.2,235.5,236,CAPTAIN D,IMO8424587,WDH2354,31,0,27,7,3,32,A
367600490,2022-12-31T00:00:01,29.83983,-91.83906,0,242.8,143,SAN SABA,,WDH2719,31,12,23,,,57,A
366967450,2022-12-31T00:00:04,41.31504,-89.15476,0,126.1,62,DANIEL T MARTIN,,WDB8982,31,12,39,13,,57,A
366997280,2022-12-31T00:00:03,29.9054,-90.11589,0,212,284,C MICHAEL REEVES,,WDE4126,31,12,51,12,,52,A
316011319,2022-12-31T00:00:04,49.29198,-122.88317,0,272.6,272,MIRANDA II,IMO0000000,,36,,10,3,,,B
338134000,2022-12-31T00:00:05,28.76124,-93.34365,10.4,321,322,NANCY PETERKIN,IMO9758777,WDI2121,31,0,41,13,,57,A
367185880,2022-12-31T00:00:05,32.72297,-117.22655,0.1,360,511,GREAT ESCAPE,,WDD7397,60,0,22,7,,60,A
368100840,2022-12-31T00:00:07,45.6074,-122.68393,0,269.5,511,DEMON,,WDK9142,52,0,10,5,2,52,A
338137487,2022-12-31T00:00:06,36.08539,-75.20268,9.1,219.6,511,,IMO0000000,,37,,0,0,,,B
367617690,2022-12-31T00:00:01,35.07462,-90.12491,0,258.7,511,ROBERT CENAC,,WDH4434,31,0,17,,,31,A
367162740,2022-12-31T00:00:00,29.87841,-89.89941,0.2,293.6,511,CAPT ROD II,,WDD5731,60,0,14,4,,31,A
368283450,2022-12-31T00:00:01,30.67106,-81.46604,0,360,511,SOUTHERN HEAT,IMO0000000,WDN4705,37,,11,4,,,B
367695890,2022-12-31T00:00:01,29.46148,-94.66326,6.2,246.9,245,AMMIE CENAC,,WDI4171,31,12,21,,,57,A
303197000,2022-12-31T00:00:02,40.63845,-74.15612,0,360,178,NRC GUARDIAN,IMO8978497,WBZ9145,90,0,33,7,2.9,54,A
367001890,2022-12-31T00:00:04,28.40898,-80.6033,0.1,259.2,511,MISS JUANITA,,WDC3039,31,0,16,6,,52,A
368169710,2022-12-31T00:00:02,29.30985,-94.83678,5.4,86.1,84,ROBERT J. EYMARD,,WDL8461,31,0,18,6,3,31,A
303681000,2022-12-31T00:00:02,48.36851,-124.61313,0,8.3,339,MOUNT DRUM,,WDJ7294,32,0,,,,52,A
229000821,2022-12-31T00:00:02,25.7704,-80.141,4.2,338,511,MOZZ,IMO0000000,9HB6679,37,,22,5,,,B
367493370,2022-12-31T00:00:05,29.72642,-95.22747,0,315.2,89,JOHN BOOZMAN,,WDF8294,31,0,24,9,,57,A
368004310,2022-12-31T00:00:06,38.59918,-90.19011,0.1,264.3,511,NICK G BUFORD,IMO8836572,WDJ7196,31,15,39,12,,0,A
368216140,2022-12-31T00:00:00,28.33479,-80.66136,0,360,511,HALE  MOANA,,WDM5459,99,15,0,0,0,99,A
368072410,2022-12-31T00:00:02,30.31231,-87.57249,0,148.7,511,SMOOTH MOVE,IMO0000000,WKD6221,37,,22,6,,,B
367772590,2022-12-31T00:00:03,31.28536,-91.51894,2.9,21.1,19,MARGARET ANNE,,WDJ3914,31,12,,,,57,A
366744020,2022-12-31T00:00:04,40.57207,-74.2121,0,32.9,355,MARY ALICE,IMO7402738,WCX9570,31,12,30,8,3.6,31,A
367693850,2022-12-31T00:00:03,43.65787,-70.24806,0,275.9,511,NANCY MCALLISTER,IMO8218914,WDI3971,31,0,32,10,4.6,52,A
367659690,2022-12-31T00:00:04,41.92725,-70.25077,3,94.2,511,FORTPOINT,,WDH412,99,0,22,7,2.4,99,A
367799380,2022-12-31T00:00:04,30.38726,-81.53775,6.7,78.7,80,TAINO,IMO9721970,WDJ6598,70,0,220,32,9.7,70,A
368201570,2022-12-31T00:00:09,38.84415,-90.10587,0,56.5,352,LAURA M,,WDM3908,57,12,89,12,2.8,57,A
366973590,2022-12-31T00:00:04,29.31345,-94.77915,0,233.4,168,LONE STAR,,WCY9015,,0,15,9,,50,A
367593050,2022-12-31T00:00:04,34.14787,-119.20296,0.1,7.6,270,SIMONE BRUSCO,IMO9748980,WDG9967,31,15,24,8,,31,A
367514620,2022-12-31T00:00:01,37.08411,-88.59068,0,267.7,511,ALICE,,WDG2338,31,15,20,,,31,A
316005204,2022-12-31T00:00:00,49.15502,-125.90846,0,0,70,CCGS CAPE ANN,,CFG7741,90,0,13,4,2.2,51,A
319235400,2022-12-31T00:00:01,18.3858,-64.70154,0,86.1,254,MODO MIO,IMO0000000,ZGQN8,37,,33,8,,,B
367726950,2022-12-31T00:00:01,30.00896,-93.97483,0,360,241,GAIL CECILIA,,WDI7262,31,0,,,,57,A
367549430,2022-12-31T00:00:01,38.57153,-90.23143,0,263.4,511,GATEWAY EXPRESS,,WDG6245,31,0,19,,,31,A
366785220,2022-12-31T00:00:03,47.68494,-122.40576,0,13.9,511,ABYSSINIA,,WCZ9173,60,15,19,6,,69,A
367340130,2022-12-31T00:00:01,40.586,-73.75786,0.2,360,511,CAVALIER STATE,,WDE3510,31,0,13,4,,0,A
367590460,2022-12-31T00:00:01,30.40016,-81.43251,0.1,97.3,304,SUN TRADER,,WDG9703,31,0,17,,,52,A
367162590,2022-12-31T00:00:02,26.83706,-80.06669,0,360,511,RUSALKA,IMO0000000,WTR9076,37,,0,0,,,B
367401030,2022-12-31T00:00:04,37.82216,-122.31203,0,140.7,289,DELTA BILLIE,IMO9562207,WDE8059,31,0,30,12,,31,A
338376092,2022-12-31T00:00:02,26.09325,-80.17078,0,360,511,SILVER SKYE,IMO0000000,,37,,20,6,,,B
368171990,2022-12-31T00:00:03,37.9114,-122.40614,8.8,314.4,312,LEISA FLORENCE,,WDL8692,52,0,30,13,6.1,52,A
367180890,2022-12-31T00:00:05,29.51727,-89.71364,0,216,511,MISS KELLYE JO,IMO0628358,WCX5653,31,0,26,9,0,31,A
366938780,2022-12-31T00:00:07,46.09261,-84.01687,11.3,187.1,183,JOHN J BOLAND,IMO7318901,WZE4539,70,0,207,23,9.1,70,A
538002749,2022-12-31T00:00:04,30.40752,-81.2926,0,297,55,YASA AYSEN,IMO9300532,V7LH9,70,1,189,32,12.6,70,A
366752720,2022-12-31T00:00:06,42.45467,-70.94792,0,287,511,AMERICAN_CLASSIC,,WCY5466,0,15,31,8,0,0,A
367779120,2022-12-31T00:00:05,35.61234,-89.89616,5.3,42.1,48,ANGELA K,,WDJ4587,31,12,51,12,,57,A
368016820,2022-12-31T00:00:01,39.0684,-76.57449,5.1,324,511,BUFFLEHEAD,IMO0000000,WDJ8478,36,,12,4,,,B
215131000,2022-12-31T00:00:01,37.7963,-122.31618,0,108,108,CMA CGM LYRA,IMO9410806,9HA4972,71,5,363,46,10.6,71,A
367447520,2022-12-31T00:00:01,42.30705,-70.97773,29.5,325.9,325,SALACIA,IMO8678970,WDF4062,60,0,38,11,,40,A
367466470,2022-12-31T00:00:01,30.0654,-90.85876,0.6,281,511,HONEST BOB,,WDJ4775,31,15,17,7,,52,A
367016520,2022-12-31T00:00:03,33.21415,-87.57384,5.2,70.4,66,MISS MORGAN,,WDC3931,31,5,15,6,,31,A
316021351,2022-12-31T00:00:05,49.29478,-123.13292,0,283.5,511,BRITANNIA,IMO8120650,VY5348,60,0,38,9,2.8,60,A
367743370,2022-12-31T00:00:04,37.20199,-88.84939,0,280.3,511,HARLEY HALL,,WDI8908,31,0,38,11,,32,A
367007110,2022-12-31T00:00:00,30.11217,-90.97694,12,123.1,511,CECILIA B SLATTEN,IMO8964757,WDC3386,31,0,29,11,4,31,A
367641580,2022-12-31T00:00:04,38.32692,-85.65692,0,247.2,333,ALEXA CLAIRE,,WDH6785,31,12,14,,,31,A
368094710,2022-12-31T00:00:00,32.08209,-81.06302,0,360,511,GRACE MYRICK,,WDK8495,99,0,18,10,2,99,A
338433185,2022-12-31T00:00:05,33.72305,-118.06687,0,27.7,187,KOINONIA,IMO0000000,,37,,20,20,,,B
368145510,2022-12-31T00:00:05,24.75438,-80.65314,6.8,72.7,511,MABUHI,IMO0000000,WDL5900,36,,19,9,,,B
366780000,2022-12-31T00:00:06,44.50366,-86.37351,8.7,16.5,17,UNDAUNTED,IMO995467000,WDB8103,31,0,141,18,6,31,A
338602000,2022-12-31T00:00:06,33.77635,-118.21085,0,236,251,BALTIMORE,IMO9804784,WDI9338,31,0,30,,,52,A
367585560,2022-12-31T00:00:01,48.51119,-122.60793,0,270.2,511,HENRY ISLAND,,WDG9218,60,0,20,7,,70,A
367430730,2022-12-31T00:00:01,29.32589,-94.78057,0,72.3,511,MR CHESTER,IMO8987577,WDF2686,31,3,23,8,2.6,31,A
368237340,2022-12-31T00:00:01,29.74218,-95.1988,0,355.7,256,EMILY WEBBER,,WDM7797,52,12,26,10,3.1,32,A
355833000,2022-12-31T00:00:05,26.09037,-83.85065,17.5,27.3,28,CARNIVAL PARADISE,IMO9120877,3FOB5,60,0,260,36,7.8,60,A
368047220,2022-12-31T00:00:03,30.12804,-91.01887,0.8,79.1,511,VIRGINIA,,WDK3640,52,15,23,9,0,52,A
367694720,2022-12-31T00:00:02,40.6418,-74.19303,0,360,511,JANET D,,WDI4058,31,0,20,,,99,A
367773150,2022-12-31T00:00:06,20.79068,-156.51117,0.1,309.5,511,CALVPSO,,WDJ3970,99,15,0,0,0,99,A
367138710,2022-12-31T00:00:05,30.28368,-91.22311,0,247.2,511,ASCENSION,IMO7530080,WDD3969,60,0,47,18,,69,A
367713830,2022-12-31T00:00:05,38.46408,-82.60598,0,360,511,DONNA LEE II,,WDI5965,31,15,17,,,99,A
368245430,2022-12-31T00:00:01,34.33491,-119.62231,0.6,216.8,511,,,,0,0,0,0,0,60,A
368232030,2022-12-31T00:00:07,30.32727,-87.32967,0,360,511,RANGER,,WDM7226,33,3,30,12,0,33,A
368217730,2022-12-31T00:00:04,29.66675,-91.10013,0,258.2,511,CHARGER,IMO7717690,WDM5630,30,0,54,10,3.3,30,A
366984250,2022-12-31T00:00:06,36.9444,-89.09687,0,44,6,ARDYCE RANDALL,,WDB9870,31,12,40,14,,57,A
368286750,2022-12-31T00:00:07,30.51461,-91.22453,0,305,229,RESOLUTION,IMO0000072,WDN5065,31,0,25,10,2.8,31,A
366897820,2022-12-31T00:00:07,40.64043,-74.16332,0,64.9,511,CHARLES D MCALLISTER,IMO6801418,WDB4383,31,0,32,8,3.8,52,A
367777450,2022-12-31T00:00:07,29.7112,-95.00159,2.8,57.4,511,HALLELUJAH,IMO0000000,WDJ4410,37,0,13,5,2.9,31,A
366991260,2022-12-31T00:00:02,29.68918,-91.20051,0.1,230.8,511,CAPT JOHN E GRAHAM,IMO8988428,WDC2329,90,3,41,10,,33,A
367543280,2022-12-31T00:00:01,26.09341,-80.1717,0,44.7,511,TWO THUMBS UP,,WDG5098,37,15,23,,,37,A
367505050,2022-12-31T00:00:05,27.8761,-97.04399,0,258.5,1,JAMES DAVISON,,WDF9427,31,0,26,9,,52,A
367641620,2022-12-31T00:00:06,37.76887,-87.9482,0.1,105.1,143,A W BAYER,,WDH6788,31,5,14,,,31,A
373689000,2022-12-31T00:00:06,48.36618,-123.31303,11,79.6,79,OCEAN ELEGANCE,IMO9038749,3EUP4,80,0,243,42,14.8,70,A
368129810,2022-12-31T00:00:01,40.76889,-73.94018,23.3,44.4,45,PURPOSE,IMO1300852,WDL4267,60,0,30,9,0,60,A
367472580,2022-12-31T00:00:02,29.95212,-90.05607,0,203.7,511,LIZZY B MORAN,IMO9415789,WDF6279,31,0,28,9,3.2,52,A
367162940,2022-12-31T00:00:01,29.76425,-95.10889,0,0.4,270,SAN JACINTO,,WDD5743,31,0,16,7,,52,A
316004969,2022-12-31T00:00:03,49.14366,-123.81464,0.6,333.2,511,CT TITAN,,,52,11,0,0,2.7,52,A
367601620,2022-12-31T00:00:05,30.43379,-91.19384,0,295,10,FRANK GOLEMI,,WDH2829,31,0,22,,,57,A
257457000,2022-12-31T00:00:06,28.09065,-92.76552,11.3,317.9,319,STAR KINN,IMO9396141,LAJF7,70,0,208,32,12.3,70,A
338109287,2022-12-31T00:00:03,37.78084,-122.38724,0.1,204.1,511,GRACE,,,37,,,,,,B
367133910,2022-12-31T00:00:07,33.76545,-118.25554,0,286.1,511,BETHEL F GIFFORD,,WS9087,90,0,22,7,,51,A
368117020,2022-12-31T00:00:01,29.93492,-89.99405,4.5,272.2,282,CURLIN,,WDL2959,38,12,0,0,3.3,52,A
367515320,2022-12-31T00:00:03,30.04927,-90.53892,0,299,511,ST PEREGRINE,,WDG2404,31,12,18,7,,57,A
367702230,2022-12-31T00:00:02,32.34984,-90.94449,0,37.7,97,KEITH DARLING,,WDI4809,31,12,51,14,,57,A
367122290,2022-12-31T00:00:04,29.74075,-95.11889,0,337.7,511,ILLINI COURAGE,,WDJ2366,31,0,18,7,,31,A
338663000,2022-12-31T00:00:04,29.5852,-90.3752,0,299.6,121,C-PERFORMER,IMO9226267,WCZ6248,90,0,73,17,5.5,70,A
368085860,2022-12-31T00:00:04,40.63904,-74.15954,0,319.5,218,MICHAEL L.DAIGLE,IMO8973095,WDK7589,31,0,30,10,3,31,A
367426480,2022-12-31T00:00:04,29.30391,-91.8837,0.1,303.3,511,GARY CHIASSON ELEVAT,IMO8747953,WDF2244,90,3,23,13,1.8,39,A
367627580,2022-12-31T00:00:00,42.35676,-71.04186,1,330.3,292,MASSACHUSETTS,,WDH5399,60,0,26,7,,60,A
367093970,2022-12-31T00:00:01,37.65895,-76.44103,0,313.3,511,CAPT STEVE,,WYB7050,31,15,17,6,,52,A
367083670,2022-12-31T00:00:01,37.81799,-122.47783,7.5,131.7,511,ISLANDER,,WDC8230,60,0,28,9,,99,A
368060930,2022-12-31T00:00:01,30.12931,-90.91821,0,275.9,511,GUN RUNNER,,WDK5024,31,0,18,6,3,31,A
538090382,2022-12-31T00:00:01,25.791,-80.01431,9.8,292.7,296,CAPE TAMPA,IMO9441166,V7RC3,80,0,228,32,14.5,89,A
636019142,2022-12-31T00:00:09,28.59782,-94.73039,2.7,124,131,SOHO SQUARE,IMO9505819,D5TD3,80,0,249,44,11.9,80,A
367002000,2022-12-31T00:00:02,34.66298,-76.67265,9.1,11.4,10,R/V SHEARWATER,,WDL2490,40,0,23,8,1.8,40,A
367684470,2022-12-31T00:00:09,29.60098,-90.67325,0,292.4,511,CROSBY 2,,WDI3051,90,3,45,13,,0,A
367728850,2022-12-31T00:00:09,42.59744,-73.76063,5.5,350.1,349,GRACIE M REINAUER,IMO9804605,WDI7449,31,0,35,,,57,A
368117510,2022-12-31T00:00:03,25.76457,-80.14435,6.1,4,511,PELICAN II,,WDL3008,60,0,0,0,0,60,A
367367430,2022-12-31T00:00:07,40.74343,-73.97109,0,360,511,GENE FLATOW,,WDE5486,60,0,20,8,,60,A
367394940,2022-12-31T00:00:05,28.4157,-80.62341,0,247.7,180,ESCAMBIA,IMO9190951,WDE7575,31,0,27,15,1.6,31,A
368237220,2022-12-31T00:00:00,38.5553,-90.24064,0,236.7,26,HFL MARINER,,WDM7784,57,12,55,14,3.7,57,A
316028504,2022-12-31T00:00:02,49.29053,-123.06025,0,247.1,49,SMIT SABA,IMO9476379,CFN6721,31,8,28,10,4.8,52,A
316002063,2022-12-31T00:00:00,42.28474,-83.13789,0,231.5,149,SEA EAGLE II,IMO7631860,CZ9891,31,0,40,10,3.5,52,A
368134480,2022-12-31T00:00:00,36.60845,-121.892,0,6.1,511,PRINCESS MONTEREY,IMO8967632,WDL4752,0,15,27,8,0,99,A
367090270,2022-12-31T00:00:00,29.73154,-93.87151,0,360,511,TITUS,,WCV9471,60,0,31,7,,99,A
367683020,2022-12-31T00:00:01,28.67111,-96.00019,6.2,66.5,511,CAPT JIM,,WDI2911,31,15,16,6,,52,A
367430810,2022-12-31T00:00:02,29.28216,-94.74545,4.3,238,511,MISS BECKY,IMO8987307,WDF2693,31,0,25,8,2.7,23,A
366824910,2022-12-31T00:00:03,48.13741,-123.41285,8.8,282,283,JUAN DE FUCA,,WDA5852,30,15,22,6,,50,A
538010093,2022-12-31T00:00:03,24.44042,-80.17798,16.7,233.4,230,NEPTUNE BARCELONA,IMO9762546,V7A5589,79,0,200,32,7,79,A
368258880,2022-12-31T00:00:03,30.67821,-88.03783,0,70.6,511,HARRY S,IMO1323143,WDN2105,95,3,10,10,2,95,A
367638590,2022-12-31T00:00:05,29.72942,-95.05396,0,251.8,149,DENNIS CHAMBERS,,WDH6497,90,12,21,9,,57,A
367762080,2022-12-31T00:00:07,32.85456,-79.95258,0,360,511,JEFFREY MCALLISTER,IMO9813606,WDJ2825,31,0,,,,52,A
368141960,2022-12-31T00:00:08,29.77177,-95.10163,0,296.5,511,A M RAYMOND,,WDL5528,57,12,119,34,3.1,57,A
367694480,2022-12-31T00:00:05,30.70005,-88.03562,0,205.4,67,JACKSON III,,WDI4035,31,12,28,10,,57,A
477129100,2022-12-31T00:00:00,40.1653,-73.50446,12.3,141.8,146,SILVER MANOORA,IMO9718844,VRPR4,80,0,183,,,80,A
367351520,2022-12-31T00:00:02,40.53848,-74.01151,4.4,342.8,511,BRIAN NICHOLAS,IMO8851297,WDE4333,31,12,22,6,,52,A
477636500,2022-12-31T00:00:06,29.93647,-90.17637,12.6,48.7,49,BOCHEM LONDON,IMO9743849,VRQF6,80,0,,,,80,A
636018225,2022-12-31T00:00:04,37.44854,-122.66195,8.9,358.5,357,NYK THEMIS,IMO9356696,D5OS6,70,0,304,40,11.9,70,A
373178000,2022-12-31T00:00:07,25.76672,-80.03754,10.6,82.9,90,MSC DIVINA,IMO9585285,3FFA5,60,0,333,37,8.7,60,A
316030626,2022-12-31T00:00:03,48.90805,-123.28037,14.1,210.2,211,SALISH EAGLE,IMO9750282,CFCX,70,0,,,,60,A
636020168,2022-12-31T00:00:07,39.84246,-75.34967,9.5,236.2,233,SAN AMERIGO,IMO9344693,A8OK6,71,0,186,28,8.6,71,A
367591250,2022-12-31T00:00:05,27.64614,-82.58116,9,128.1,127,PATRIOT,IMO9712046,WDG9802,31,0,28,12,3.6,52,A
367777460,2022-12-31T00:00:03,27.93354,-82.43411,0,208,288,INDEPENDENT,IMO9826419,WDJ4411,31,15,,,,52,A
367594260,2022-12-31T00:00:06,29.71542,-93.86128,0,285,326,FALCON,IMO8989927,WDH2087,31,12,24,7,3.5,31,A
368150680,2022-12-31T00:00:05,29.68335,-91.27765,0,277.7,511,EMILEE ALEXIS,,WDL6432,57,12,20,7,0,57,A
366435740,2022-12-31T00:00:03,46.16781,-123.91439,0,360,511,GEORGE ALLEN,IMO7309613,WBT7376,30,7,21,7,,30,A
255804290,2022-12-31T00:00:02,29.01305,-89.34682,14.5,213.9,212,HARBOUR PROGRESS,IMO9572745,CQNY,80,0,161,23,9,89,A
367179790,2022-12-31T00:00:00,18.22688,-65.62108,6.2,8.5,14,LADY EVE,IMO8658011,WDD6945,60,0,43,9,2.7,60,A
353086000,2022-12-31T00:00:07,46.86976,-125.2779,9.8,172.9,182,GENIUS STAR X,IMO9542893,3ETU3,70,0,120,21,8.4,70,A
368024790,2022-12-31T00:00:03,40.56754,-89.65766,3.3,12.8,511,ARTCO MAIDEN,IMO1283448,WDJ9311,31,12,18,8,0,31,A
367003850,2022-12-31T00:00:03,29.68034,-91.79842,0,265.9,511,ALBERT J SETTOON,,WDD4739,31,15,13,6,,90,A
367456350,2022-12-31T00:00:02,35.20771,-90.06042,0,190.6,511,JAMES T,,WDF4835,31,15,20,7,,31,A
367376440,2022-12-31T00:00:01,39.24339,-76.57076,0,280.3,65,LONG ISLAND,IMO8739308,WDI4974,31,0,30,10,,31,A
367655340,2022-12-31T00:00:08,37.87237,-87.80806,3.9,73.8,511,PATSY COLEMAN,,WDH8166,31,12,45,9,,31,A
367325130,2022-12-31T00:00:01,29.61368,-95.00416,4.6,270.2,267,WESLEY A,IMO9097628,WDE2433,31,0,30,12,,52,A
366940000,2022-12-31T00:00:01,29.94377,-90.38434,0,269,511,JACKIE B,IMO9127215,WCW4124,31,15,33,10,4.7,31,A
316003459,2022-12-31T00:00:04,48.36989,-123.72555,0,267.5,31,SUN MAIDEN,IMO7629245,CZ4548,30,7,22,6,2.8,30,A
367584390,2022-12-31T00:00:04,29.80288,-95.06723,6.5,92.3,511,JB BLOOMER,IMO8987448,WDG9108,31,0,18,6,,52,A
338926416,2022-12-31T00:00:04,18.46059,-66.11511,0,26.2,97,CG WINSLOW GRIESSER,,NDOD,90,5,,,,55,A
367634660,2022-12-31T00:00:07,36.80818,-76.28677,0,268.6,511,KODIAK,IMO8987125,WDH6101,31,0,19,7,,52,A
368266520,2022-12-31T00:00:08,38.09528,-122.26491,0,191.6,511,HERO,,WDE9725,31,0,22,7,0,31,A
366896490,2022-12-31T00:00:01,47.65924,-122.38163,0,315,1,AMERICAN LADY,IMO7513006,WDB4259,30,7,27,8,,30,A
368102470,2022-12-31T00:00:01,30.06332,-90.88083,0,234.4,511,JOANNE C,,WDK9314,52,0,21,9,3,52,A
367649360,2022-12-31T00:00:02,29.79725,-92.23424,4.7,292.5,291,SAMMY CENAC,,WDH7565,31,12,21,,,52,A
303940000,2022-12-31T00:00:03,39.26196,-76.60137,0,270.1,136,CAPE WRATH,IMO7826166,WRGJ,70,0,212,32,11.6,70,A
367625610,2022-12-31T00:00:01,29.99922,-89.99164,0,283.5,88,SWEENEY,,WDH5209,31,12,23,,,57,A
368090720,2022-12-31T00:00:01,29.92806,-90.19245,6.6,236.9,511,ADMIRAL,,WDK8086,31,0,21,8,0,31,A
368147230,2022-12-31T00:00:00,25.67713,-80.16801,0,360,511,SHENANIGANS,IMO0000000,WDL6084,36,,12,7,,,B
367122220,2022-12-31T00:00:07,37.79285,-122.30723,0.7,163.9,16,REVOLUTION,IMO9369203,WDD2974,31,0,23,10,4.6,52,A
367335830,2022-12-31T00:00:04,39.80932,-75.41518,0,105.5,511,MADELINE,,WDE3220,31,0,23,9,,52,A
338352812,2022-12-31T00:00:00,35.83987,-75.61921,0,338.7,511,MISS KATHLEEN,IMO0000000,,30,,14,5,,,B
338084669,2022-12-31T00:00:01,25.32926,-80.26192,0,240.8,511,SARAH B,,,37,15,17,,,37,A
367558070,2022-12-31T00:00:08,41.81535,-71.40048,0,261.9,511,SHANNON MCALLISTER,IMO9032941,WDG6536,31,0,27,9,,52,A
548624000,2022-12-31T00:00:03,28.87935,-89.3537,0.1,52,95,CLEAROCEAN MERIBEL,IMO9917646,DYDA,80,1,183,32,7.6,80,A
367766740,2022-12-31T00:00:08,30.03772,-90.68039,0,79.8,511,SHAWN WILLIAMS,,WDJ3307,31,0,,,,31,A
368132980,2022-12-31T00:00:04,34.78948,-92.32508,7.2,269.1,260,KATHRYN LOUISE,,WDL4599,52,12,20,10,2.8,57,A
367365380,2022-12-31T00:00:02,40.64184,-74.13163,0,192.8,273,PEGASUS,,WDE5348,31,0,22,7,,52,A
367533940,2022-12-31T00:00:00,29.75719,-95.06797,4.8,320.7,312,TAMPA,,WDG4190,31,12,23,10,,57,A
563394000,2022-12-31T00:00:03,28.70216,-94.41245,11.9,4.1,5,IVS ORCHARD,IMO9528029,9V7782,70,0,179,28,10.2,70,A
477308800,2022-12-31T00:00:02,48.17042,-123.35942,10.7,72.2,75,NEWCHANG,IMO9753272,VRSO6,70,0,180,32,7,70,A
311018500,2022-12-31T00:00:06,18.46006,-66.09664,3,279,97,NORWEGIAN EPIC,IMO9410569,C6XP7,60,0,329,40,8.7,60,A
636092711,2022-12-31T00:00:04,39.8484,-75.267,9.2,85.9,80,SEATRADE RED,IMO9690107,D5LR9,70,0,185,,,79,A
367638070,2022-12-31T00:00:05,36.96756,-89.09715,0,68,347,MARQUETTE WARRIOR,,WDH6449,31,12,46,13,,57,A
368009420,2022-12-31T00:00:05,37.97302,-87.60011,0,312.4,511,BRANTLEY B,,WDJ7715,31,0,16,,,31,A
338046000,2022-12-31T00:00:06,48.36709,-124.61245,0.1,191.1,340,NRC CAPE FLATTERY,IMO8978473,WDA8289,90,0,29,7,,0,A
366998050,2022-12-31T00:00:07,29.76471,-95.08781,3.5,127.9,511,SAINTE MARIE,IMO8983143,WDC2815,31,5,22,10,,57,A
367588580,2022-12-31T00:00:06,29.14937,-90.20337,0,212.4,511,ROLAND A FALGOUT,IMO7509392,WDG9520,31,0,38,10,4.8,52,A
367395010,2022-12-31T00:00:07,27.85496,-97.24022,6.6,333.9,511,SALVATION,,WDE7579,31,12,22,9,,57,A
369881100,2022-12-31T00:00:01,28.40726,-94.58398,5.5,264.3,271,OLIVIA RAE,IMO942411400,WDD2252,25,0,60,13,3.8,25,A
200000000,2022-12-31T00:00:08,29.55387,-90.5319,0,353.5,98,MICHAEL R,,,31,15,18,7,0,0,A
367653290,2022-12-31T00:00:03,30.49632,-91.19349,0,324.3,359,ELIZABETH M ROBINSON,,WDH7961,31,12,33,,,57,A
368142750,2022-12-31T00:00:08,29.98934,-90.0218,0.5,267.9,174,NYQUIST,,WDL5618,31,0,21,9,0,31,A
338060000,2022-12-31T00:00:07,40.87059,-70.75958,1.6,49.2,225,REGULUS,IMO9582324,WDG8927,90,3,75,17,5.2,90,A
367054840,2022-12-31T00:00:03,30.51397,-91.22447,0,244.2,511,CLYDE K BENJAMIN,,WDC6334,31,15,20,7,,0,A
338224334,2022-12-31T00:00:00,27.83807,-97.0523,0,221,511,,,,0,15,0,0,0,0,A
367661820,2022-12-31T00:00:08,29.46133,-94.66221,5,66.4,63,MISTER MAC,,WDH8821,31,12,22,,,57,A
366896250,2022-12-31T00:00:01,29.72065,-93.86495,0,301.5,238,SABINE PILOT,,WAK7647,90,0,18,5,,50,A
316007654,2022-12-31T00:00:04,49.25047,-123.36859,1,109.7,103,GRANNY HUTCH,,,31,0,14,6,0.4,31,A
368050130,2022-12-31T00:00:09,32.11471,-81.12462,0,235.7,511,MR MIKE,,WDK3928,31,0,17,8,2.4,31,A
366984990,2022-12-31T00:00:05,38.57687,-90.22365,0,127,42,STARFIRE,,WDB9915,31,12,44,10,,57,A
367005340,2022-12-31T00:00:04,30.50978,-91.75145,0,40.9,68,CREOLE CRUSADER,,WDC3291,31,0,21,8,,57,A
367002060,2022-12-31T00:00:02,29.30189,-94.83509,0,251.3,511,MISS KERRILYN,,WDC3054,31,0,19,7,,52,A
367710560,2022-12-31T00:00:01,30.2308,-93.25419,0,119.4,309,PADDY CENAC,IMO9704697,WDI5633,90,12,99,,,57,A
367551680,2022-12-31T00:00:07,29.76391,-95.09316,0,103,145,SAVAGE INGENUITY,,WDG5920,31,12,20,,,0,A
367379540,2022-12-31T00:00:02,26.88519,-97.46216,1.2,186.4,511,EMMANUEL,,WDE6384,31,12,21,9,,57,A
357657000,2022-12-31T00:00:02,26.17843,-79.23397,18.9,81.4,82,CARNIVAL CONQUEST,IMO9198355,3FPQ9,60,0,290,35,8.3,69,A
367747470,2022-12-31T00:00:07,25.78674,-80.1791,0.1,75.4,511,BETTSY,,WDI9321,37,,,,,,B
368018190,2022-12-31T00:00:02,27.92235,-82.44633,0,209,45,TRINITY,,WDJ8617,52,0,32,14,0,52,A
368144140,2022-12-31T00:00:03,47.794,-122.49528,0.2,187.4,22,FINEST,,WDL5758,40,0,39,4,1.9,40,A
367006330,2022-12-31T00:00:01,29.70403,-89.9844,0.1,292.3,511,KATHY PAWG,,WDC3347,31,0,16,6,,52,A
538005604,2022-12-31T00:00:00,30.04725,-90.55229,0.1,139.9,286,IKAN LEBAN,IMO9547178,V7FJ7,70,5,177,28,10.8,70,A
353579000,2022-12-31T00:00:01,46.20866,-123.78415,0.3,106.6,202,KEN YO,IMO9547154,H9UU,70,1,184,30,10,70,A
255806367,2022-12-31T00:00:02,31.75116,-79.71424,0.4,296.3,246,MSC CHARLESTON,IMO9299537,CQEF4,71,0,325,43,11,71,A
367649810,2022-12-31T00:00:06,44.44119,-86.41819,9.1,18.7,16,JOHN MARSHALL,IMO7223261,WDH7606,31,0,32,9,3.8,31,A
367313240,2022-12-31T00:00:02,40.69962,-74.1519,0,226.6,206,ATLANTIC ENTERPRISE,IMO7417240,WDI8007,31,0,42,12,6.3,31,A
311000902,2022-12-31T00:00:03,33.13552,-117.74795,0.1,95.3,336,APOLLO VOYAGER,IMO9878890,C6EI3,89,0,274,48,16,89,A
367640860,2022-12-31T00:00:00,32.75892,-79.87258,6.4,308.9,307,AMY E HEBERT,IMO7047667,WDH6709,31,0,29,8,3.2,31,A
367743660,2022-12-31T00:00:07,29.75957,-91.63608,0,199.8,511,EVELYN JAMES,,WDI8937,31,0,,,,57,A
367003390,2022-12-31T00:00:02,29.99969,-89.98963,0,239.3,264,HENRI,,WDF2420,31,12,21,8,,57,A
367098670,2022-12-31T00:00:03,29.77969,-95.09887,0,355.6,511,CAPT HYMEN DEVALL,IMO8851132,WDC9187,31,12,17,7,,31,A
316001002,2022-12-31T00:00:07,42.95952,-82.3574,0,0,272,TEST,,,0,0,0,0,25.5,0,A
367663890,2022-12-31T00:00:02,29.40584,-94.74318,0,352.6,49,SEBASTIAN D,,WDH9021,31,12,25,,,31,A
367386570,2022-12-31T00:00:00,30.24965,-91.32035,4.1,167,511,HERBERT J PLAISANCE,,WDE6917,31,0,19,8,,52,A
367701960,2022-12-31T00:00:01,40.17632,-80.68556,4.9,24.3,17,LAURA S,,WDI4785,31,0,18,,,57,A
367077850,2022-12-31T00:00:05,29.1595,-89.24848,0,253.3,511,SMITH HUNTER,,WDC7849,31,0,21,8,,99,A
368220710,2022-12-31T00:00:01,40.6493,-74.10998,1.8,308,319,CHARLES HUGHES,,WDM5939,0,0,29,10,3.1,31,A
367653520,2022-12-31T00:00:06,39.94339,-90.53387,0,266.2,511,BLUE WING,,WDH7982,31,0,17,,,31,A
368286770,2022-12-31T00:00:01,30.05254,-90.64835,4.2,285.2,283,RENEGADE,IMO0059380,WDN5067,31,5,23,9,2.6,31,A
316009843,2022-12-31T00:00:07,48.41478,-123.38585,0,317.2,511,J R W,,,31,0,12,5,0.6,52,A
367507730,2022-12-31T00:00:05,29.90602,-90.10488,0,293.8,257,SAN ANTONIO,,WDF9683,31,12,23,10,,57,A
636019990,2022-12-31T00:00:01,29.71912,-95.2388,0.5,293.2,5,SOLAR TINE,IMO9898527,D5XD3,80,0,183,32,9.9,80,A
368139870,2022-12-31T00:00:02,40.74187,-73.96156,2.8,280,99,CYCLONE SHARK,,WDL5304,60,0,24,8,0,60,A
366983680,2022-12-31T00:00:02,31.28259,-87.95783,4.9,224.3,196,BOBBY JOE JAMES,,WCP5244,31,12,37,10,,31,A
367327630,2022-12-31T00:00:03,29.93474,-89.99889,0,6,304,DIVINE MERCY,,WDE2637,31,12,22,8,,57,A
367057930,2022-12-31T00:00:04,30.19959,-91.10316,0,144,219,ANITA EVE SHARP,,WDC6563,31,12,23,9,,52,A
338401085,2022-12-31T00:00:04,21.28574,-157.84159,0,0,511,TOTAL ECLIPSE,IMO0000000,,36,,13,4,,,B
367671170,2022-12-31T00:00:04,34.22697,-77.95324,0,230.6,511,G M MCALLISTER,IMO8218902,WDH9744,31,15,32,10,,52,A
338879000,2022-12-31T00:00:00,35.80958,-122.19821,7.6,322.8,324,CONSTITUTION,IMO9710206,KCOJ,80,0,186,,,80,A
367581120,2022-12-31T00:00:04,29.66702,-94.2304,5.1,58.1,62,STARDUST,,WDG8792,31,0,22,,,52,A
366995910,2022-12-31T00:00:00,29.99534,-93.91368,6.9,292.6,285,CAMERON BLAIR,,WDC2641,31,0,18,7,,52,A
367311490,2022-12-31T00:00:00,28.09628,-96.9441,5.9,50.2,36,LADY OF PROMPT SUCCO,,WDD9441,31,12,21,8,,57,A
367666170,2022-12-31T00:00:02,29.9906,-90.41815,0,327.3,112,ASHLEY DANIELSON,,WDH9251,31,0,32,,,99,A
366971520,2022-12-31T00:00:05,28.85712,-96.02969,0,258.5,178,JERRY W TICHENOR,IMO8992144,WDB9187,31,12,20,9,,57,A
366998910,2022-12-31T00:00:06,29.96873,-93.85987,0,274.3,511,COMANCHE,,WDH8267,31,15,15,6,0,31,A
